{
  "timestamp": "2026-06-21 12:24:19",
  "experiment": "xgb_rule_ensemble",
  "config": {
    "top_n": 15,
    "hold_days": 10,
    "stop_loss": -0.03,
    "cost": 0.0015,
    "n_folds": 18,
    "xgb_features": 25
  },
  "summary": [
    {
      "strategy": "xgb_only",
      "n_trades": 3373,
      "avg_ret": 0.06438326122803223,
      "win_rate": 0.3560628520604803,
      "sharpe": 5.260753021439561,
      "wf_sharpe_mean": 5.021737866141043,
      "wf_sharpe_std": 2.421510728948313,
      "regime_stats": {
        "bull": {
          "count": 1110,
          "avg_ret": 0.07898534204783937,
          "win_rate": 0.35495495495495494
        },
        "cautious": {
          "count": 1109,
          "avg_ret": 0.055680305098941146,
          "win_rate": 0.3246167718665464
        },
        "bear": {
          "count": 1154,
          "avg_ret": 0.05870151827931132,
          "win_rate": 0.3873483535528596
        }
      }
    },
    {
      "strategy": "ens_20_80",
      "n_trades": 3374,
      "avg_ret": 0.02407608032169697,
      "win_rate": 0.37196206283343214,
      "sharpe": 3.363487808137053,
      "wf_sharpe_mean": 3.4948628536781152,
      "wf_sharpe_std": 1.2644091887906006,
      "regime_stats": {
        "bull": {
          "count": 1110,
          "avg_ret": 0.03955873191822388,
          "win_rate": 0.3981981981981982
        },
        "cautious": {
          "count": 1110,
          "avg_ret": 0.010864953585824288,
          "win_rate": 0.3081081081081081
        },
        "bear": {
          "count": 1154,
          "avg_ret": 0.021891164727826793,
          "win_rate": 0.40814558058925476
        }
      }
    },
    {
      "strategy": "ens_30_70",
      "n_trades": 3374,
      "avg_ret": 0.021003691685575154,
      "win_rate": 0.3805572021339656,
      "sharpe": 3.2084415424929746,
      "wf_sharpe_mean": 3.4741040283717943,
      "wf_sharpe_std": 1.2436487169432588,
      "regime_stats": {
        "bull": {
          "count": 1110,
          "avg_ret": 0.033541979785726504,
          "win_rate": 0.4009009009009009
        },
        "cautious": {
          "count": 1109,
          "avg_ret": 0.007785797471890881,
          "win_rate": 0.3128944995491434
        },
        "bear": {
          "count": 1155,
          "avg_ret": 0.02164537557458629,
          "win_rate": 0.42597402597402595
        }
      }
    },
    {
      "strategy": "ens_dynamic",
      "n_trades": 3373,
      "avg_ret": 0.01761483913066048,
      "win_rate": 0.37651941891491253,
      "sharpe": 2.949044891412455,
      "wf_sharpe_mean": 3.1915442204841016,
      "wf_sharpe_std": 1.0841971225550462,
      "regime_stats": {
        "bull": {
          "count": 1110,
          "avg_ret": 0.022989188194124946,
          "win_rate": 0.4072072072072072
        },
        "cautious": {
          "count": 1109,
          "avg_ret": 0.007785797471890881,
          "win_rate": 0.3128944995491434
        },
        "bear": {
          "count": 1154,
          "avg_ret": 0.021891164727826793,
          "win_rate": 0.40814558058925476
        }
      }
    },
    {
      "strategy": "ens_50_50",
      "n_trades": 3374,
      "avg_ret": 0.015903029133584594,
      "win_rate": 0.38470657972732664,
      "sharpe": 2.932055594110501,
      "wf_sharpe_mean": 3.1707780028118067,
      "wf_sharpe_std": 1.2514351112368791,
      "regime_stats": {
        "bull": {
          "count": 1110,
          "avg_ret": 0.024758381743679586,
          "win_rate": 0.3990990990990991
        },
        "cautious": {
          "count": 1109,
          "avg_ret": 0.003667426066063649,
          "win_rate": 0.3201082055906222
        },
        "bear": {
          "count": 1155,
          "avg_ret": 0.01914098792551125,
          "win_rate": 0.4329004329004329
        }
      }
    },
    {
      "strategy": "ens_70_30",
      "n_trades": 3374,
      "avg_ret": 0.013579983288628828,
      "win_rate": 0.3941908713692946,
      "sharpe": 2.742205025066403,
      "wf_sharpe_mean": 2.9853107444653246,
      "wf_sharpe_std": 1.3902430993765438,
      "regime_stats": {
        "bull": {
          "count": 1110,
          "avg_ret": 0.019887959195807027,
          "win_rate": 0.40540540540540543
        },
        "cautious": {
          "count": 1109,
          "avg_ret": 0.0017620098899744335,
          "win_rate": 0.33994589720468893
        },
        "bear": {
          "count": 1155,
          "avg_ret": 0.018865073541563825,
          "win_rate": 0.4354978354978355
        }
      }
    },
    {
      "strategy": "ens_80_20",
      "n_trades": 3374,
      "avg_ret": 0.011494532213103389,
      "win_rate": 0.3962655601659751,
      "sharpe": 2.8010745784352373,
      "wf_sharpe_mean": 2.825670682562341,
      "wf_sharpe_std": 1.3846348328547131,
      "regime_stats": {
        "bull": {
          "count": 1110,
          "avg_ret": 0.014588463933891507,
          "win_rate": 0.4063063063063063
        },
        "cautious": {
          "count": 1109,
          "avg_ret": 0.002294423222371568,
          "win_rate": 0.3408476104598738
        },
        "bear": {
          "count": 1155,
          "avg_ret": 0.017354841010200166,
          "win_rate": 0.43982683982683984
        }
      }
    },
    {
      "strategy": "rule_only",
      "n_trades": 3371,
      "avg_ret": 0.008329399787150414,
      "win_rate": 0.42361317116582614,
      "sharpe": 2.664275097098614,
      "wf_sharpe_mean": 2.3928601260363385,
      "wf_sharpe_std": 2.0413855659864155,
      "regime_stats": {
        "bull": {
          "count": 1110,
          "avg_ret": 0.013285542765879323,
          "win_rate": 0.44954954954954957
        },
        "cautious": {
          "count": 1108,
          "avg_ret": 0.001171170299504452,
          "win_rate": 0.3835740072202166
        },
        "bear": {
          "count": 1153,
          "avg_ret": 0.010436944944065106,
          "win_rate": 0.4371205550737207
        }
      }
    }
  ],
  "best_strategy": "xgb_only",
  "best_wf_sharpe": 5.021737866141043
}