{
  "plan_a": {
    "ic": 0.06379600454004028,
    "ic_std": 0.013940949842214752,
    "rank_ic": 0.0635190245907435,
    "rank_ic_std": 0.019481794621436507,
    "icir": 0.89303444375021,
    "icir_std": 0.32056348746506724,
    "rank_icir": 0.8003537732106858,
    "rank_icir_std": 0.27320683358633496,
    "top10_ret": 0.00492759871787273,
    "top10_ret_std": 0.021759936416369335,
    "bottom10_ret": -0.015209440330388105,
    "bottom10_ret_std": 0.024760901551341016,
    "long_short": 0.020137039048260832,
    "long_short_std": 0.004787933526011418,
    "annual_ret": 600.9165747179675,
    "annual_ret_std": 1130.4912979239755,
    "max_dd": -0.6978608688280957,
    "max_dd_std": 0.2547900685060078,
    "calmar": 1741.8467728446722,
    "calmar_std": 3351.7223774702857
  },
  "plan_b": {
    "ic": 0.037499691912443636,
    "ic_std": 0.039719630696116705,
    "rank_ic": 0.05865191006539785,
    "rank_ic_std": 0.05411367494171102,
    "icir": 0.5387892993946137,
    "icir_std": 0.501210644280476,
    "rank_icir": 0.7637226514446698,
    "rank_icir_std": 0.6459165549281258,
    "top10_ret": 0.003083966419124777,
    "top10_ret_std": 0.018782131256986426,
    "bottom10_ret": -0.012354997030473346,
    "bottom10_ret_std": 0.023523374108065633,
    "long_short": 0.015438963449598126,
    "long_short_std": 0.01456840380400339,
    "annual_ret": 214.9831455392745,
    "annual_ret_std": 320.30199970260213,
    "max_dd": -0.677149779344056,
    "max_dd_std": 0.2974928457268522,
    "calmar": 679.3778873008475,
    "calmar_std": 1008.7227042461644
  },
  "plan_a_details": [
    {
      "model": "Plan A",
      "ic": 0.0639262190431146,
      "ic_std": 0.06911763995373164,
      "icir": 0.9248900713829168,
      "rank_ic": 0.057081184974604765,
      "rank_ic_std": 0.06423719308003997,
      "rank_icir": 0.8886002352970375,
      "top10_ret": -0.021672140185308518,
      "bottom10_ret": -0.04049227793838838,
      "long_short": 0.018820137753079863,
      "annual_ret": -0.9968108633499728,
      "max_dd": -0.9837744990779658,
      "calmar": -1.0132513744605347
    },
    {
      "model": "Plan A",
      "ic": 0.051393691905802875,
      "ic_std": 0.06659263034667413,
      "icir": 0.7717624542096708,
      "rank_ic": 0.03853938192573378,
      "rank_ic_std": 0.056815644288220085,
      "rank_icir": 0.6783234149804762,
      "top10_ret": 0.020555419232114288,
      "bottom10_ret": 0.006036131636974392,
      "long_short": 0.014519287595139896,
      "annual_ret": 122.43442740393073,
      "max_dd": -0.5296122392128422,
      "calmar": 231.1774886205498
    },
    {
      "model": "Plan A",
      "ic": 0.06533892219205915,
      "ic_std": 0.04363883847759748,
      "icir": 1.4972653792303645,
      "rank_ic": 0.06593540308006358,
      "rank_ic_std": 0.050925136426107194,
      "rank_icir": 1.2947516212599892,
      "top10_ret": 0.014136828506323066,
      "bottom10_ret": -0.010302896905879084,
      "long_short": 0.02443972541220215,
      "annual_ret": 24.074985098367847,
      "max_dd": -0.6506207609361643,
      "calmar": 37.0031000297729
    },
    {
      "model": "Plan A",
      "ic": 0.08862823262121539,
      "ic_std": 0.13614720483459114,
      "icir": 0.6509735742558566,
      "rank_ic": 0.09809322072716135,
      "rank_ic_std": 0.1711493612528966,
      "rank_icir": 0.5731439483720936,
      "top10_ret": -0.019972211258134358,
      "bottom10_ret": -0.046872776218306114,
      "long_short": 0.026900564960171756,
      "annual_ret": -0.9969896221018539,
      "max_dd": -0.9865498188444961,
      "calmar": -1.0105821348886217
    },
    {
      "model": "Plan A",
      "ic": 0.049692956938009396,
      "ic_std": 0.0801136545078593,
      "icir": 0.620280739672241,
      "rank_ic": 0.057945932246154006,
      "rank_ic_std": 0.10220648797222882,
      "rank_icir": 0.5669496461438329,
      "top10_ret": 0.03159009729436917,
      "bottom10_ret": 0.015584617773658669,
      "long_short": 0.016005479520710506,
      "annual_ret": 2860.067261572991,
      "max_dd": -0.33874702606900975,
      "calmar": 8443.077109082387
    }
  ],
  "plan_b_details": [
    {
      "model": "Plan B",
      "ic": 0.07674349340273474,
      "ic_std": 0.07468073400286156,
      "icir": 1.027621036732607,
      "rank_ic": 0.10023693441211533,
      "rank_ic_std": 0.0918661145103185,
      "rank_icir": 1.0911197761797649,
      "top10_ret": -0.012479971479410856,
      "bottom10_ret": -0.041380351467892276,
      "long_short": 0.02890037998848142,
      "annual_ret": -0.9611208114073242,
      "max_dd": -0.9272067042676556,
      "calmar": -1.0365766414150934
    },
    {
      "model": "Plan B",
      "ic": 0.061410758244042435,
      "ic_std": 0.06388620173423198,
      "icir": 0.9612522967539583,
      "rank_ic": 0.07716544140635302,
      "rank_ic_std": 0.05501238169500919,
      "rank_icir": 1.4026922465181029,
      "top10_ret": 0.027955343791199693,
      "bottom10_ret": 0.0012953696982093345,
      "long_short": 0.026659974092990358,
      "annual_ret": 824.7934887128658,
      "max_dd": -0.31735634765500054,
      "calmar": 2598.9506584865994
    },
    {
      "model": "Plan B",
      "ic": -0.03181647046750579,
      "ic_std": 0.08724591876911579,
      "icir": -0.364675745065349,
      "rank_ic": -0.04580444466141139,
      "rank_ic_std": 0.10093462082967278,
      "rank_icir": -0.45380310778921046,
      "top10_ret": -0.0013552944697861878,
      "bottom10_ret": 0.010116869191177104,
      "long_short": -0.011472163660963292,
      "annual_ret": -0.4453441202584024,
      "max_dd": -0.8473694631809823,
      "calmar": -0.5255607377997822
    },
    {
      "model": "Plan B",
      "ic": 0.06240600209385607,
      "ic_std": 0.09742035846085735,
      "icir": 0.6405848122071095,
      "rank_ic": 0.09919445267729651,
      "rank_ic_std": 0.13758163032259282,
      "rank_icir": 0.7209861692481251,
      "top10_ret": -0.02022431841306549,
      "bottom10_ret": -0.040477551950545435,
      "long_short": 0.020253233537479945,
      "annual_ret": -0.9969470316359953,
      "max_dd": -0.9783643259035976,
      "calmar": -1.0189936460686413
    },
    {
      "model": "Plan B",
      "ic": 0.01875467628909068,
      "ic_std": 0.043700478222457956,
      "icir": 0.42916409634474256,
      "rank_ic": 0.06246716649263578,
      "rank_ic_std": 0.0590640062526065,
      "rank_icir": 1.0576181730665666,
      "top10_ret": 0.021524072666686725,
      "bottom10_ret": 0.008670679376684537,
      "long_short": 0.012853393290002188,
      "annual_ret": 252.52565094680833,
      "max_dd": -0.31545205571304347,
      "calmar": 800.519909042922
    }
  ],
  "feature_importance": [
    {
      "feature": "d20",
      "importance": 0.13375113904476166
    },
    {
      "feature": "r20",
      "importance": 0.0763002410531044
    },
    {
      "feature": "atr_pct",
      "importance": 0.06836344301700592
    },
    {
      "feature": "macd_signal",
      "importance": 0.05381307378411293
    },
    {
      "feature": "macd",
      "importance": 0.04660256952047348
    },
    {
      "feature": "vol5",
      "importance": 0.04469288885593414
    },
    {
      "feature": "r5",
      "importance": 0.04148625582456589
    },
    {
      "feature": "total_net_20",
      "importance": 0.0412517748773098
    },
    {
      "feature": "lg_net_20",
      "importance": 0.03543543815612793
    },
    {
      "feature": "d5",
      "importance": 0.03403037041425705
    },
    {
      "feature": "d10",
      "importance": 0.03398454561829567
    },
    {
      "feature": "macd_hist",
      "importance": 0.03378473222255707
    },
    {
      "feature": "elg_net_5",
      "importance": 0.032008007168769836
    },
    {
      "feature": "vol_ratio",
      "importance": 0.031427111476659775
    },
    {
      "feature": "vol20",
      "importance": 0.03140794113278389
    },
    {
      "feature": "r10",
      "importance": 0.030918629840016365
    },
    {
      "feature": "elg_net_20",