{
  "tech_only": {
    "summary": {
      "ic": 0.06323779935027572,
      "ic_std": 0.023879797015486287,
      "icir": 0.7401144257871904,
      "icir_std": 0.3289320049017706,
      "rank_ic": 0.066138971455678,
      "rank_ic_std": 0.020770546468716452,
      "ls": 0.020431700675665524,
      "ls_std": 0.011115129349531447,
      "t": 4.827010297775269,
      "t_std": 0.2514023907075267
    },
    "nfeat": 15
  },
  "tech+mf": {
    "summary": {
      "ic": 0.07791896043569445,
      "ic_std": 0.030262987998136374,
      "icir": 0.9682620876065002,
      "icir_std": 0.5183772627819475,
      "rank_ic": 0.08621946802656735,
      "rank_ic_std": 0.029651682658017254,
      "ls": 0.024927286171900175,
      "ls_std": 0.012962186941040104,
      "t": 5.821590423583984,
      "t_std": 0.3236650815105378
    },
    "nfeat": 25
  },
  "tech+mf+size": {
    "summary": {
      "ic": 0.0770935379462313,
      "ic_std": 0.03263103153010078,
      "icir": 0.9576618091484917,
      "icir_std": 0.4791808084038978,
      "rank_ic": 0.0861416600130592,
      "rank_ic_std": 0.034110290320204295,
      "ls": 0.025227083788167008,
      "ls_std": 0.012225283754954444,
      "t": 5.6258939743042,
      "t_std": 0.274629601272472
    },
    "nfeat": 26
  }
}