{
  "name": "V4.13_no_mkt_rank",
  "features": [
    "ret_1d",
    "ret_2d",
    "ret_3d",
    "ret_5d",
    "ret_10d",
    "ret_20d",
    "ret_60d",
    "ma_5_ratio",
    "ma_10_ratio",
    "ma_20_ratio",
    "ma_50_ratio",
    "ma_120_ratio",
    "ma5_ma20_cross",
    "ma20_ma50_cross",
    "ma50_ma120_cross",
    "ma_align_score",
    "vol_5d",
    "vol_10d",
    "vol_20d",
    "vol_60d",
    "vol_ratio_5_20",
    "vol_ratio_5_60",
    "vol_regime",
    "rsi_14",
    "rsi_50_pct",
    "macd",
    "macd_sig",
    "macd_hist",
    "macd_cross",
    "vol_ratio_5",
    "vol_ratio_20",
    "price_vol_div",
    "price_pos_20",
    "price_pos_50",
    "price_pos_100",
    "price_pos_252",
    "atr_pct",
    "dvol_ratio",
    "ret_quality_10",
    "ret_quality_20",
    "trend_strength",
    "rel_ret_1d",
    "rel_ret_5d",
    "rel_ret_20d"
  ],
  "wf": {
    "ann": 0.17356307388228565,
    "sharpe": 0.6752920376626224,
    "dd": -0.8355010415861625,
    "wr": 0.5209269662921348,
    "avg5d": 0.005205794642846364
  },
  "test": {
    "ann": 0.38661838913439794,
    "sharpe": 1.4142083438818918,
    "dd": -0.6832837188946497,
    "wr": 0.5465686274509803,
    "avg5d": 0.00859089306667161
  }
}