{
  "version": "v8.1",
  "features": [
    "ma5",
    "ma10",
    "ma20",
    "ma30",
    "ma60",
    "ma5_ratio",
    "ma20_ratio",
    "ma60_ratio",
    "vol5",
    "vol20",
    "vol_ratio",
    "ema12",
    "ema26",
    "macd",
    "macd_signal",
    "macd_hist",
    "rsi14",
    "k",
    "d",
    "j",
    "bb_upper",
    "bb_lower",
    "bb_width",
    "bb_position",
    "vol_ratio_ma5",
    "vol_ratio_ma20",
    "adx",
    "plus_di",
    "minus_di",
    "price_position",
    "price_position_60",
    "cmf",
    "spy_ret1",
    "spy_ret5",
    "spy_ret20",
    "spy_ret60",
    "qqq_ret1",
    "qqq_ret5",
    "qqq_ret20",
    "qqq_ret60",
    "iwm_ret1",
    "iwm_ret5",
    "iwm_ret20",
    "iwm_ret60",
    "vix_close",
    "pe_trailing",
    "pe_forward",
    "div_yield",
    "beta",
    "sector_etf_ret5",
    "sc"
  ],
  "auc_train": 0.67,
  "params": {
    "objective": "binary:logistic",
    "eval_metric": "auc",
    "max_depth": 6,
    "learning_rate": 0.05,
    "subsample": 0.8,
    "colsample_bytree": 0.8,
    "scale_pos_weight": 2.0,
    "min_child_weight": 3,
    "gamma": 0.1,
    "lambda": 1,
    "alpha": 0,
    "seed": 42
  },
  "best_iteration": 166,
  "train_period": "2016-10 ~ 2024-12",
  "val_period": "2025-01 ~ 2026-06",
  "train_samples": 1388616,
  "val_samples": 576675,
  "bucket_stats": {
    "Q1": {
      "cnt": 121904,
      "mean_score": 0.0669,
      "mean_target": 0.0669,
      "mean_ret": 0.0009
    },
    "Q2": {
      "cnt": 109873,
      "mean_score": 0.1156,
      "mean_target": 0.1156,
      "mean_ret": 0.0007
    },
    "Q3": {
      "cnt": 120024,
      "mean_score": 0.1619,
      "mean_target": 0.1619,
      "mean_ret": 0.0019
    },
    "Q4": {
      "cnt": 110011,
      "mean_score": 0.2192,
      "mean_target": 0.2192,
      "mean_ret": 0.0052
    },
    "Q5": {
      "cnt": 114863,
      "mean_score": 0.3,
      "mean_target": 0.3,
      "mean_ret": 0.0183
    }
  },
  "feature_importance": [
    129.6224822998047,
    201.6196746826172,
    93.7857894897461,
    61.500526428222656,
    118.78440856933594,
    100.77079010009766,
    72.27229309082031,
    234.2959747314453,
    153.5754852294922,
    64.77371215820312,
    253.26145935058594,
    164.1494598388672,
    57.59465408325195,
    131.64566040039062,
    48.665428161621094,
    27.428081512451172,
    66.68733978271484,
    237.92308044433594,
    47.027748107910156,
    60.54519271850586,
    611.0014038085938,
    1584.7589111328125,
    39.85504150390625,
    132.9121856689453,
    117.12351989746094,
    354.3583068847656,
    52.14036178588867,
    47.36235046386719,
    47.884010314941406,
    192.724365234375,
    24.0158634185791,
    184.05699157714844,
    206.1459197998047,
    249.39321899414062,
    246.64358520507812,
    178.50682067871094,
    209.19619750976562,
    238.7005157470703,
    247.93917846679688,
    187.43675231933594,
    199.39903259277344,
    256.0042419433594,
    283.1286926269531,
    540.102294921875,
    160.52194213867188,
    90.4430160522461,
    561.5365600585938,
    220.4334259033203,
    268.6437072753906,
    121.381591796875
  ],
  "time": "2026-06-11 17:58"
}