{
  "method": "platt",
  "slope": 0.9282167212867811,
  "intercept": -0.2046340604088115,
  "bias_pct": -0.0,
  "auc": 0.7299,
  "prob_unique": 5392
}