{
  "blueshield": {
    "baseline": {
      "ic": 0.06801224909578131,
      "icir": 0.3368306738128681,
      "t5w": 0.5172168974085907,
      "t5r": 0.04983056181697586,
      "sh": 2.6280683735576136,
      "cagr": 1.2567209913832071,
      "dd": -0.04523619600992801
    },
    "best": {
      "ic": 0.08094248374795752,
      "icir": 0.39473776508089325,
      "t5w": 0.5228696371587283,
      "t5r": 0.05233292628211535,
      "sh": 3.1107054388318565,
      "cagr": 1.372670852440165,
      "dd": -0.019174376466369547,
      "p": {
        "max_depth": 8,
        "learning_rate": 0.03,
        "subsample": 0.7,
        "colsample_bytree": 0.7,
        "min_child_weight": 5,
        "n_estimators": 400
      }
    }
  },
  "arrow": {
    "baseline": {
      "ic": 0.0159117057281097,
      "icir": 0.11864906668807897,
      "t5w": 0.4699211993080915,
      "t5r": 0.03892556765359356,
      "sh": 3.8779089047965845,
      "cagr": 8.80439296414922,
      "dd": -0.1873858622862863
    },
    "best": {
      "ic": 0.032007665690441146,
      "icir": 0.258879161779266,
      "t5w": 0.46357870459350375,
      "t5r": 0.03919799967735665,
      "sh": 4.192437870353541,
      "cagr": 10.722179585279486,
      "dd": -0.14409506436173836,
      "p": {
        "max_depth": 8,
        "learning_rate": 0.03,
        "subsample": 0.7,
        "colsample_bytree": 0.9,
        "min_child_weight": 5,
        "n_estimators": 400
      }
    }
  }
}