{
  "timestamp": "2026-07-02T19:00:43.502466+00:00",
  "data": {
    "INTU": {
      "prev_close": 267.08,
      "last_close": 275.955,
      "last_volume": 237742.0,
      "avg_volume_20d": 368443.45,
      "atr": 11.582499999999994,
      "atr_pct": 0.04197242303998838,
      "ma20": 275.21125,
      "above_ma20": true,
      "consecutive_down": 0,
      "analyst_target": null
    },
    "PTC": {
      "prev_close": 119.8,
      "last_close": 124.84,
      "last_volume": 87120.0,
      "avg_volume_20d": 120832.7,
      "atr": 4.706785714285713,
      "atr_pct": 0.037702544971849675,
      "ma20": 121.06325000000001,
      "above_ma20": true,
      "consecutive_down": 0,
      "analyst_target": null
    },
    "BIIB": {
      "prev_close": 209.79,
      "last_close": 215.415,
      "last_volume": 50091.0,
      "avg_volume_20d": 54478.5,
      "atr": 6.299285714285714,
      "atr_pct": 0.029242558383983076,
      "ma20": 201.97325,
      "above_ma20": true,
      "consecutive_down": 0,
      "analyst_target": null
    },
    "APP": {
      "prev_close": 564.99,
      "last_close": 529.27,
      "last_volume": 112279.0,
      "avg_volume_20d": 175282.9,
      "atr": 33.36392857142857,
      "atr_pct": 0.06303763404581512,
      "ma20": 504.31925,
      "above_ma20": true,
      "consecutive_down": 1,
      "analyst_target": null
    },
    "NFLX": {
      "prev_close": 74.19,
      "last_close": 77.98,
      "last_volume": 2824254.0,
      "avg_volume_20d": 3473737.5,
      "atr": 2.8089285714285714,
      "atr_pct": 0.036021140951892426,
      "ma20": 77.271,
      "above_ma20": true,
      "consecutive_down": 0,
      "analyst_target": null
    },
    "AVGO": {
      "prev_close": 369.33,
      "last_close": 359.3,
      "last_volume": 507540.0,
      "avg_volume_20d": 1005273.2,
      "atr": 15.222500000000005,
      "atr_pct": 0.04236710269969386,
      "ma20": 384.18425,
      "above_ma20": false,
      "consecutive_down": 2,
      "analyst_target": null
    },
    "NVDA": {
      "prev_close": 197.54,
      "last_close": 193.37,
      "last_volume": 4602724.0,
      "avg_volume_20d": 4750447.2,
      "atr": 6.287142857142858,
      "atr_pct": 0.03251353807282856,
      "ma20": 203.362,
      "above_ma20": false,
      "consecutive_down": 2,
      "analyst_target": null
    },
    "TROW": {
      "prev_close": 116.11,
      "last_close": 118.05,
      "last_volume": 34719.0,
      "avg_volume_20d": 108738.05,
      "atr": 2.722857142857142,
      "atr_pct": 0.023065287105947838,
      "ma20": 109.00425,
      "above_ma20": true,
      "consecutive_down": 0,
      "analyst_target": null
    },
    "FICO": {
      "prev_close": 1207.91,
      "last_close": 1265.58,
      "last_volume": 18194.0,
      "avg_volume_20d": 18763.0,
      "atr": 42.98357142857141,
      "atr_pct": 0.03396353563470615,
      "ma20": 1170.6947499999999,
      "above_ma20": true,
      "consecutive_down": 0,
      "analyst_target": null
    },
    "NEM": {
      "prev_close": 93.275,
      "last_close": 96.595,
      "last_volume": 424707.0,
      "avg_volume_20d": 471996.25,
      "atr": 4.142500000000001,
      "atr_pct": 0.042885242507376166,
      "ma20": 99.131,
      "above_ma20": false,
      "consecutive_down": 0,
      "analyst_target": null
    },
    "PLTR": {
      "prev_close": 125.75,
      "last_close": 130.8,
      "last_volume": 1480510.0,
      "avg_volume_20d": 1161092.2,
      "atr": 6.542142857142858,
      "atr_pct": 0.05001638269986894,
      "ma20": 126.03574999999998,
      "above_ma20": true,
      "consecutive_down": 0,
      "analyst_target": null
    },
    "EQT": {
      "prev_close": 52.49,
      "last_close": 52.36,
      "last_volume": 351376.0,
      "avg_volume_20d": 585602.25,
      "atr": 1.2292857142857139,
      "atr_pct": 0.02347757284732074,
      "ma20": 52.18024999999999,
      "above_ma20": true,
      "consecutive_down": 2,
      "analyst_target": null
    },
    "AJG": {
      "prev_close": 239.39,
      "last_close": 251.15,
      "last_volume": 94029.0,
      "avg_volume_20d": 117301.1,
      "atr": 6.97607142857143,
      "atr_pct": 0.027776513751030976,
      "ma20": 220.73375000000001,
      "above_ma20": true,
      "consecutive_down": 0,
      "analyst_target": null
    }
  }
}