{
  "v032_weights": {
    "fund_metric": 0.075,
    "analyst": 0.121,
    "earnings": 0.117,
    "grade_sentiment": 0.13,
    "fund_growth": 0.267,
    "insider": 0.052,
    "balance": 0.086,
    "cashflow": 0.139,
    "income_stmt": 0.013
  },
  "v031_weights": {
    "fund_ratio": 0.7,
    "analyst": 0.2,
    "fund_metric": 0.1,
    "earnings": 0.0,
    "grade_sentiment": 0.0
  },
  "wf_results": {
    "V0.3.1 (\u65e7)": {
      "sharpe": 0.8519375,
      "dd": 12.27875,
      "ret": 7.741874999999999,
      "wr": 56.775,
      "positive_rate": 100.0,
      "n_windows": 16
    },
    "V0.3.2 (\u65b0)": {
      "sharpe": 0.7890625,
      "dd": 12.9825,
      "ret": 6.501875,
      "wr": 56.193749999999994,
      "positive_rate": 100.0,
      "n_windows": 16
    }
  },
  "ic_top5": [
    [
      "cash_to_assets",
      0.03297152630709881
    ],
    [
      "fund_growth",
      0.03231550684753778
    ],
    [
      "valuation",
      -0.01915216896921489
    ],
    [
      "capex_intensity",
      -0.018639938840796327
    ],
    [
      "revenue_growth_yoy",
      0.01761694854017871
    ],
    [
      "net_debt_to_assets",
      -0.017393614461507972
    ],
    [
      "buyback_yield",
      0.01682911068734665
    ],
    [
      "analyst",
      0.014520220182081763
    ],
    [
      "cashflow",
      0.013848854575432674
    ],
    [
      "tech",
      -0.013825839104035937
    ]
  ],
  "timestamp": "2026-06-30 13:23",
  "n_windows": 16
}