{
  "sent_alerts": {
    "price_move:PLTR": 1782672491.571063,
    "price_move:AVGO": 1782672491.571063,
    "price_move:APP": 1782672491.571063,
    "price_move:TXN": 1782672491.571063
  },
  "boost_until": 0,
  "last_push_ts": 1782672491.571063,
  "last_level": "L2"
}