{
  "sent": {
    "APP:L2:excess_drop": 1783267339.2898386,
    "EQT:L2:volume_spike": 1783174564.0697756,
    "INTU:L2:volume_spike": 1783174564.0697756,
    "AVGO:L2:volume_spike": 1783174564.0697756,
    "APP:L2:volume_spike": 1783174564.0697756,
    "PLTR:L2:volume_spike": 1783174564.0697756,
    "NVDA:L2:volume_spike": 1783174564.0697756,
    "FICO:L2:volume_spike": 1783174564.0697756,
    "PTC:L2:volume_spike": 1783174564.0697756
  },
  "last_run": 1783277159.5893655
}