{
  "sent": {
    "APP:L2:excess_drop": 1783170053.3104947,
    "EQT:L2:volume_spike": 1783174564.0697756,
    "INTU:L2:volume_spike": 1783174564.0697756,
    "TROW:L2:volume_spike": 1783087262.6678078,
    "AVGO:L2:volume_spike": 1783174564.0697756,
    "APP:L2:volume_spike": 1783174564.0697756,
    "PLTR:L2:volume_spike": 1783174564.0697756,
    "NVDA:L2:volume_spike": 1783174564.0697756,
    "FICO:L2:volume_spike": 1783174564.0697756,
    "PTC:L2:volume_spike": 1783174564.0697756
  },
  "last_run": 1783179955.402148
}