{
  "sent": {
    "APP:L1:price_move": 1782927981.796289,
    "TROW:L1:price_move": 1782927981.796289,
    "PTC:L1:price_move": 1782927981.796289,
    "AJG:L2:large_move": 1782927981.796289,
    "PLTR:L1:price_move": 1782927981.796289,
    "NFLX:L1:price_move": 1782927981.796289,
    "VICI:L2:trend_break": 1782928528.8779197,
    "portfolio_L2": 1782929224.857672,
    "APP:L2:excess_drop": 1783087262.6678078,
    "EQT:L2:volume_spike": 1783087262.6678078,
    "INTU:L2:volume_spike": 1783087262.6678078,
    "TROW:L2:volume_spike": 1783087262.6678078,
    "AVGO:L2:volume_spike": 1783087262.6678078,
    "APP:L2:volume_spike": 1783087262.6678078,
    "PLTR:L2:volume_spike": 1783087262.6678078,
    "NVDA:L2:volume_spike": 1783087262.6678078,
    "FICO:L2:volume_spike": 1783087262.6678078,
    "PTC:L2:volume_spike": 1783087262.6678078
  },
  "last_run": 1783095353.1883676
}