{
  "pool_a": {
    "name": "A\u6c60($1-$10) Top5",
    "periods": 126,
    "annual": 2.586421749017996,
    "sharpe": 1.5022271760120154,
    "hit_50": 0.3412698412698413,
    "hit_100": 0.14285714285714285
  },
  "pool_b": {
    "name": "B\u6c60($10-$50) Top5",
    "periods": 252,
    "annual": -0.21257943385849737,
    "sharpe": -0.4083687346386403,
    "hit_50": 0.031746031746031744,
    "hit_100": 0.007936507936507936
  },
  "pool_all": {
    "name": "\u5408\u5e76\u6c60($1-$50) Top10",
    "periods": 242,
    "annual": 0.9924729994496656,
    "sharpe": 1.2739403986103157,
    "hit_50": 0.18181818181818182,
    "hit_100": 0.05371900826446281
  }
}