{
  "annual": 1.0240181570918048,
  "sharpe": 0.6424726336765197,
  "win_rate": 0.5923076923076923,
  "hit_50": 0.1076923076923077,
  "hit_100": 0.05384615384615385,
  "hit_200": 0.05384615384615385,
  "avg_win": 0.5126082549072607,
  "avg_big": 3.348957141940821,
  "max": 3.693370675177929,
  "n": 130
}