{
  "shield": {
    "5\u5929_Top10": {
      "label": "5\u5929_Top10",
      "annual": 0.4022447886043322,
      "sharpe": 0.788593378146834,
      "max_dd": -0.9885360762503315,
      "win_rate": 0.5484126984126985,
      "avg_ret": 0.0079810473929431,
      "n": 1260,
      "hold_days": 5,
      "top_n": 10
    },
    "5\u5929_Top15": {
      "label": "5\u5929_Top15",
      "annual": 0.36082412105962636,
      "sharpe": 0.7848926481702785,
      "max_dd": -0.9816692166438856,
      "win_rate": 0.5555555555555556,
      "avg_ret": 0.007159208751183063,
      "n": 1260,
      "hold_days": 5,
      "top_n": 15
    },
    "5\u5929_Top20": {
      "label": "5\u5929_Top20",
      "annual": 0.35343495183878354,
      "sharpe": 0.8115530899330324,
      "max_dd": -0.9790331792012088,
      "win_rate": 0.5619047619047619,
      "avg_ret": 0.007012598250769515,
      "n": 1260,
      "hold_days": 5,
      "top_n": 20
    },
    "20\u5929_Top10": {
      "label": "20\u5929_Top10",
      "annual": 0.40938452582561397,
      "sharpe": 0.8303474603880411,
      "max_dd": -0.999999975869849,
      "win_rate": 0.5785714285714286,
      "avg_ret": 0.032490835382985236,
      "n": 1260,
      "hold_days": 20,
      "top_n": 10
    },
    "20\u5929_Top15": {
      "label": "20\u5929_Top15",
      "annual": 0.3870592256755196,
      "sharpe": 0.8720714715537321,
      "max_dd": -0.9999995503501705,
      "win_rate": 0.6150793650793651,
      "avg_ret": 0.030718986164723776,
      "n": 1260,
      "hold_days": 20,
      "top_n": 15
    },
    "20\u5929_Top20": {
      "label": "20\u5929_Top20",
      "annual": 0.36181268035196257,
      "sharpe": 0.8822731487128381,
      "max_dd": -0.9999973836513301,
      "win_rate": 0.6182539682539683,
      "avg_ret": 0.0287152920914256,
      "n": 1260,
      "hold_days": 20,
      "top_n": 20
    },
    "60\u5929_Top10": {
      "label": "60\u5929_Top10",
      "annual": 0.5620918792478837,
      "sharpe": 1.0523062442725635,
      "max_dd": -0.9999999999999984,
      "win_rate": 0.7063492063492064,
      "avg_ret": 0.13383139982092468,
      "n": 1260,
      "hold_days": 60,
      "top_n": 10
    },
    "60\u5929_Top15": {
      "label": "60\u5929_Top15",
      "annual": 0.4859299161999394,
      "sharpe": 1.050276261361945,
      "max_dd": -0.9999999999999795,
      "win_rate": 0.7166666666666667,
      "avg_ret": 0.11569759909522366,
      "n": 1260,
      "hold_days": 60,
      "top_n": 15
    },
    "60\u5929_Top20": {
      "label": "60\u5929_Top20",
      "annual": 0.4374194325849185,
      "sharpe": 1.037777765195432,
      "max_dd": -0.9999999999997802,
      "win_rate": 0.7238095238095238,
      "avg_ret": 0.10414748394879011,
      "n": 1260,
      "hold_days": 60,
      "top_n": 20
    },
    "120\u5929_Top10": {
      "label": "120\u5929_Top10",
      "annual": 0.6377583771070101,
      "sharpe": 1.2307000662455154,
      "max_dd": -0.99999999999998,
      "win_rate": 0.8428571428571429,
      "avg_ret": 0.3036944652890524,
      "n": 1260,
      "hold_days": 120,
      "top_n": 10
    },
    "120\u5929_Top15": {
      "label": "120\u5929_Top15",
      "annual": 0.5531715738726244,
      "sharpe": 1.2517399475269781,
      "max_dd": -0.9999999999999853,
      "win_rate": 0.8468253968253968,
      "avg_ret": 0.2634150351774402,
      "n": 1260,
      "hold_days": 120,
      "top_n": 15
    },
    "120\u5929_Top20": {
      "label": "120\u5929_Top20",
      "annual": 0.4965118213342809,
      "sharpe": 1.228901992798848,
      "max_dd": -0.999999999999983,
      "win_rate": 0.8507936507936508,
      "avg_ret": 0.23643420063537185,
      "n": 1260,
      "hold_days": 120,
      "top_n": 20
    }
  },
  "shield_yearly": {
    "5\u5929_Top10": [
      {
        "period": "2019-06-14~2020-06-12",
        "avg": 0.012538461270317016,
        "wr": 0.6071428571428571,
        "n": 252
      },
      {
        "period": "2020-06-15~2021-06-14",
        "avg": 0.016716706370894785,
        "wr": 0.5912698412698413,
        "n": 252
      },
      {
        "period": "2021-06-15~2022-06-13",
        "avg": -0.009233249752370913,
        "wr": 0.4444444444444444,
        "n": 252
      },
      {
        "period": "2022-06-14~2023-06-14",
        "avg": 0.012603895524781694,
        "wr": 0.5277777777777778,
        "n": 252
      },
      {
        "period": "2023-06-15~2024-06-14",
        "avg": 0.007279423551092909,
        "wr": 0.5714285714285714,
        "n": 252
      }
    ],
    "5\u5929_Top15": [
      {
        "period": "2019-06-14~2020-06-12",
        "avg": 0.01115924680163696,
        "wr": 0.6150793650793651,
        "n": 252
      },
      {
        "period": "2020-06-15~2021-06-14",
        "avg": 0.015905947322562466,
        "wr": 0.6190476190476191,
        "n": 252
      },
      {
        "period": "2021-06-15~2022-06-13",
        "avg": -0.009342573882415597,
        "wr": 0.4444444444444444,
        "n": 252
      },
      {
        "period": "2022-06-14~2023-06-14",
        "avg": 0.011186725488208501,
        "wr": 0.5634920634920635,
        "n": 252
      },
      {
        "period": "2023-06-15~2024-06-14",
        "avg": 0.006886698025922988,
        "wr": 0.5357142857142857,
        "n": 252
      }
    ],
    "5\u5929_Top20": [
      {
        "period": "2019-06-14~2020-06-12",
        "avg": 0.010671424303031815,
        "wr": 0.6031746031746031,
        "n": 252
      },
      {
        "period": "2020-06-15~2021-06-14",
        "avg": 0.01621979506842114,
        "wr": 0.6507936507936508,
        "n": 252
      },
      {
        "period": "2021-06-15~2022-06-13",
        "avg": -0.009019346777041835,
        "wr": 0.4523809523809524,
        "n": 252
      },
      {
        "period": "2022-06-14~2023-06-14",
        "avg": 0.010656781028678107,
        "wr": 0.5476190476190477,
        "n": 252
      },
      {
        "period": "2023-06-15~2024-06-14",
        "avg": 0.006534337630758345,
        "wr": 0.5555555555555556,
        "n": 252
      }
    ],
    "20\u5929_Top10": [
      {
        "period": "2019-06-14~2020-06-12",
        "avg": 0.043078723266082045,
        "wr": 0.6746031746031746,
        "n": 252
      },
      {
        "period": "2020-06-15~2021-06-14",
        "avg": 0.07253569227325891,
        "wr": 0.7261904761904762,
        "n": 252
      },
      {
        "period": "2021-06-15~2022-06-13",
        "avg": -0.044976214958538374,
        "wr": 0.3531746031746032,
        "n": 252
      },
      {
        "period": "2022-06-14~2023-06-14",
        "avg": 0.05438184715448715,
        "wr": 0.5753968253968254,
        "n": 252
      },
      {
        "period": "2023-06-15~2024-06-14",
        "avg": 0.037434129179636455,
        "wr": 0.5634920634920635,
        "n": 252
      }
    ],
    "20\u5929_Top15": [
      {
        "period": "2019-06-14~2020-06-12",
        "avg": 0.03548902376646854,
        "wr": 0.6944444444444444,
        "n": 252
      },
      {
        "period": "2020-06-15~2021-06-14",
        "avg": 0.07195857987604953,
        "wr": 0.7698412698412699,
        "n": 252
      },
      {
        "period": "2021-06-15~2022-06-13",
        "avg": -0.03805534032274691,
        "wr": 0.4087301587301587,
        "n": 252
      },
      {
        "period": "2022-06-14~2023-06-14",
        "avg": 0.04718841904569219,
        "wr": 0.5992063492063492,
        "n": 252
      },
      {
        "period": "2023-06-15~2024-06-14",
        "avg": 0.03701424845815554,
        "wr": 0.6031746031746031,
        "n": 252
      }
    ],
    "20\u5929_Top20": [
      {
        "period": "2019-06-14~2020-06-12",
        "avg": 0.031136390488899063,
        "wr": 0.6825396825396826,
        "n": 252
      },
      {
        "period": "2020-06-15~2021-06-14",
        "avg": 0.06874439139507953,
        "wr": 0.7896825396825397,
        "n": 252
      },
      {
        "period": "2021-06-15~2022-06-13",
        "avg": -0.03308653363828434,