{
  "annual_simple": 0.551448883837355,
  "annual_compound": 7.786859733576871e+22,
  "sharpe": 1.3635866943044388,
  "sortino": 4.078437832311519,
  "calmar": 0.5514488857365897,
  "max_dd": -0.999999996555919,
  "avg_dd": -0.999999996555919,
  "n_dd_events": 1,
  "win_rate": 0.8644688644688645,
  "periods": 1638,
  "years": 6.510609171800137,
  "avg_period": 0.2625947065892167,
  "median_period": 0.22574190535072491,
  "best_period": 1.701372231507701,
  "worst_period": -0.3706946522779564,
  "spy_annual": 0.1581438197239226,
  "spy_sharpe": 0.9556920498793695,
  "spy_max_dd": -0.23927189217962197
}